{"train_elbo": 3358653.25, "_timestamp": 1715786652.1511827, "_runtime": 52.52077054977417, "_step": 518}