{"train_elbo": 3889976.25, "_timestamp": 1715786953.6451368, "_runtime": 288.7580738067627, "_step": 876}